[{"fields": {"username": "air_china", "first_name": "AirChina", "last_name": "", "is_active": true, "is_superuser": false, "is_staff": false, "last_login": "2015-03-31T02:31:45.222Z", "groups": [], "user_permissions": [], "password": "pbkdf2_sha256$12000$J3bgvi94Qtww$s5146zT8t5yTGUuB4P+6Q6FDRGp0Yy9hUqg252HVzXY=", "email": "air_china@gmail.com", "date_joined": "2014-11-28T20:45:25.602Z"}, "model": "auth.user", "pk": 1}, {"fields": {"username": "apple_store", "first_name": "AppleStore", "last_name": "", "is_active": true, "is_superuser": false, "is_staff": false, "last_login": "2015-04-02T04:38:38.378Z", "groups": [], "user_permissions": [], "password": "pbkdf2_sha256$12000$0UQcuSKrAjeq$He+dIFiBSjxwMkfLHOrp3nGiPF5/J6s74mM22QtCwAg=", "email": "apple_store@gmail.com", "date_joined": "2014-11-28T20:49:01.487Z"}, "model": "auth.user", "pk": 2}, {"fields": {"username": "benz", "first_name": "BENZ", "last_name": "", "is_active": true, "is_superuser": false, "is_staff": false, "last_login": "2015-03-31T03:37:55.271Z", "groups": [], "user_permissions": [], "password": "pbkdf2_sha256$12000$3BpRt0Spzy9v$gauKRD2jiOF+M9qpWRNJEYIWHyjDRYpNBaleRh0QhmY=", "email": "benz@gmail.com", "date_joined": "2014-11-28T20:49:39.457Z"}, "model": "auth.user", "pk": 3}, {"fields": {"username": "china_eastern", "first_name": "ChinaEastern", "last_name": "", "is_active": true, "is_superuser": false, "is_staff": false, "last_login": "2015-03-31T03:39:36.804Z", "groups": [], "user_permissions": [], "password": "pbkdf2_sha256$12000$JqP4LNKrG03W$7igJdSMAo/qToqsHI61wyPI80SlflJIqVKzkeVD9icE=", "email": "china_eastern@gmail.com", "date_joined": "2014-11-28T20:50:28.661Z"}, "model": "auth.user", "pk": 4}, {"fields": {"username": "china_mobile", "first_name": "ChinaMobile", "last_name": "", "is_active": true, "is_superuser": false, "is_staff": false, "last_login": "2015-03-31T02:32:44.727Z", "groups": [], "user_permissions": [], "password": "pbkdf2_sha256$12000$cdOJ7O9fq6DE$5eYJtlqUamTi0D+bgZpXl6ajKOoCN7rWAXTSTQVJwxE=", "email": "china_mobile@gmail.com", "date_joined": "2014-11-28T20:56:48.266Z"}, "model": "auth.user", "pk": 5}, {"fields": {"username": "dhl", "first_name": "DHL", "last_name": "", "is_active": true, "is_superuser": false, "is_staff": false, "last_login": "2015-04-02T20:06:08.600Z", "groups": [], "user_permissions": [], "password": "pbkdf2_sha256$12000$Vb38pwnj1q4L$Jnh1Rwy57r2z18rRTo4/VkJivu/mtHQhfeSdNaoWr7E=", "email": "dhl@gmail.com", "date_joined": "2014-11-28T20:57:38.172Z"}, "model": "auth.user", "pk": 6}, {"fields": {"username": "hua_fu", "first_name": "HuaFu", "last_name": "", "is_active": true, "is_superuser": false, "is_staff": false, "last_login": "2014-11-29T00:24:54.190Z", "groups": [], "user_permissions": [], "password": "pbkdf2_sha256$12000$dtRoCg3Yr1kU$PkU2yYxxlCAOHRICBRyWJ0dQqQFY0C5aAWLW/pk62JQ=", "email": "huafu@gmail.com", "date_joined": "2014-11-28T20:58:36.142Z"}, "model": "auth.user", "pk": 7}, {"fields": {"username": "hua_wei", "first_name": "HuaWei", "last_name": "", "is_active": true, "is_superuser": false, "is_staff": false, "last_login": "2014-11-29T00:24:42.391Z", "groups": [], "user_permissions": [], "password": "pbkdf2_sha256$12000$AjwO6UGdzJsg$qSpV344xSPWLVngNYRFPVN4/qUQY26q5LuHl/ueAzAw=", "email": "hua_wei@gmail.com", "date_joined": "2014-11-28T20:59:23.492Z"}, "model": "auth.user", "pk": 8}, {"fields": {"username": "jd_finance", "first_name": "JDFinance", "last_name": "", "is_active": true, "is_superuser": false, "is_staff": false, "last_login": "2014-11-28T21:00:24.899Z", "groups": [], "user_permissions": [], "password": "pbkdf2_sha256$12000$GQCyMXFWLh9T$oOI9sMTI3P94n69EMrltY2z9aTvOfb4g4GtQohhzC1c=", "email": "jd_finance@gmail.com", "date_joined": "2014-11-28T21:00:09.454Z"}, "model": "auth.user", "pk": 9}, {"fields": {"username": "muji", "first_name": "MUJI", "last_name": "", "is_active": true, "is_superuser": false, "is_staff": false, "last_login": "2014-11-29T00:22:55.744Z", "groups": [], "user_permissions": [], "password": "pbkdf2_sha256$12000$R2J8iapCm5C7$MbjRnhGvdHJNIXU6gleAiNLcZJf8z3Tn7OhnjPaEpok=", "email": "muji@gmail.com", "date_joined": "2014-11-28T21:01:26.915Z"}, "model": "auth.user", "pk": 10}, {"fields": {"username": "picc", "first_name": "PICC", "last_name": "", "is_active": true, "is_superuser": false, "is_staff": false, "last_login": "2014-11-29T00:20:50.386Z", "groups": [], "user_permissions": [], "password": "pbkdf2_sha256$12000$M0ptciQOiaOi$/EiNh5z3VZTYAQQOmzq7QkdqkngqtXpowgSpj2n9vGc=", "email": "picc@gmail.com", "date_joined": "2014-11-28T21:02:13.379Z"}, "model": "auth.user", "pk": 11}, {"fields": {"username": "sf", "first_name": "SFExpress", "last_name": "", "is_active": true, "is_superuser": false, "is_staff": false, "last_login": "2014-11-29T00:21:49.304Z", "groups": [], "user_permissions": [], "password": "pbkdf2_sha256$12000$RPptZWH4ZG8L$zviUbxhmcnO08czwhLfYS7RwarzwMcJTdAotpMBZSrE=", "email": "sf@gmail.com", "date_joined": "2014-11-28T21:03:06.018Z"}, "model": "auth.user", "pk": 12}, {"fields": {"username": "siemens", "first_name": "SIEMENS", "last_name": "", "is_active": true, "is_superuser": false, "is_staff": false, "last_login": "2014-11-28T23:35:18.665Z", "groups": [], "user_permissions": [], "password": "pbkdf2_sha256$12000$b1IUiGNYTRdn$WLszd4VfaVrKgL8I4+J6jQitPsFkl/luiHglWiqFlL4=", "email": "siemens@gmail.com", "date_joined": "2014-11-28T21:05:40.409Z"}, "model": "auth.user", "pk": 13}, {"fields": {"username": "bruce", "first_name": "Bruce", "last_name": "Han", "is_active": true, "is_superuser": false, "is_staff": false, "last_login": "2015-04-02T20:14:37.448Z", "groups": [], "user_permissions": [], "password": "pbkdf2_sha256$12000$WS1ND3PiDpJK$15tzuZmu1NS1WX+sqOf1kNikK12CNJ7birIPmAFAfjI=", "email": "bruce@gmail.com", "date_joined": "2014-11-28T21:06:47.076Z"}, "model": "auth.user", "pk": 14}, {"fields": {"username": "di", "first_name": "Di", "last_name": "Dong", "is_active": true, "is_superuser": false, "is_staff": false, "last_login": "2014-11-28T23:48:54.472Z", "groups": [], "user_permissions": [], "password": "pbkdf2_sha256$12000$wqiET2X5ClA9$Ye4/9AScmUmPO2qcDILAHB7k8TAE+AEMY1LRE5b5/q0=", "email": "di@gmail.com", "date_joined": "2014-11-28T21:08:03.201Z"}, "model": "auth.user", "pk": 15}, {"fields": {"username": "eric", "first_name": "Eric", "last_name": "Zhuang", "is_active": true, "is_superuser": false, "is_staff": false, "last_login": "2014-11-28T23:55:55.305Z", "groups": [], "user_permissions": [], "password": "pbkdf2_sha256$12000$08tZMiNreujs$LOTuwo7jc9vxA2dTLD9cMEjwsK6QfOEnCBShKP3s4s4=", "email": "eric@gmail.com", "date_joined": "2014-11-28T21:09:18.217Z"}, "model": "auth.user", "pk": 16}, {"fields": {"username": "frank", "first_name": "Frank", "last_name": "Gao", "is_active": true, "is_superuser": false, "is_staff": false, "last_login": "2015-04-01T18:52:00.088Z", "groups": [], "user_permissions": [], "password": "pbkdf2_sha256$12000$6S0NqYhMq8aB$IBPdOU4Q5WICdE9L3i59mCk/T0zl5ods7njY7Da5FDM=", "email": "frank@gmail.com", "date_joined": "2014-11-28T21:10:05.808Z"}, "model": "auth.user", "pk": 17}, {"fields": {"username": "xinzhuoh", "first_name": "Xinzhuo", "last_name": "Han", "is_active": true, "is_superuser": false, "is_staff": false, "last_login": "2014-11-29T00:06:39.187Z", "groups": [], "user_permissions": [], "password": "pbkdf2_sha256$12000$ch7MZHblxVuz$m4DI5XFRYn1rA0Vq0lYsNw8Mhh6a40hrN8SvFDpjKpQ=", "email": "hanxinzhuo77@gmail.com", "date_joined": "2014-11-28T21:11:06.519Z"}, "model": "auth.user", "pk": 18}, {"fields": {"username": "andy", "first_name": "Andy", "last_name": "Yan", "is_active": true, "is_superuser": false, "is_staff": false, "last_login": "2015-04-01T18:21:21.398Z", "groups": [], "user_permissions": [], "password": "pbkdf2_sha256$12000$lti0UxXgg3wa$QfC06bCM/HDdRnLOqtOKvG1Ixlbde1ID2TcOb5zpDpM=", "email": "andy@gmail.com", "date_joined": "2014-11-28T21:11:57.440Z"}, "model": "auth.user", "pk": 19}, {"fields": {"username": "thierry", "first_name": "Thierry", "last_name": "Zhu", "is_active": true, "is_superuser": false, "is_staff": false, "last_login": "2015-03-30T22:18:23.655Z", "groups": [], "user_permissions": [], "password": "pbkdf2_sha256$12000$BRwv5aIyVuq3$HqHMWTgaMEDsjsAdssN39cDobWAIg0M5evQ48OWcp8A=", "email": "thierry@gmail.com", "date_joined": "2014-11-28T21:13:34.862Z"}, "model": "auth.user", "pk": 20}, {"fields": {"username": "jessica", "first_name": "Jessica", "last_name": "Qian", "is_active": true, "is_superuser": false, "is_staff": false, "last_login": "2015-04-01T18:53:36.967Z", "groups": [], "user_permissions": [], "password": "pbkdf2_sha256$12000$zcNnSz9QEvTI$8TYOsZAsM39GoZjsQy55hABea85jiyZUTg4Eq58zWIM=", "email": "jessica@gmail.com", "date_joined": "2014-11-28T21:22:14.920Z"}, "model": "auth.user", "pk": 22}, {"fields": {"expire_date": "2014-12-13T00:30:01.620Z", "session_data": "MTc5YzhiNmZlNjRjNzU4YTlhNDMwZmNhOGNiNjY4ZDQ5MzUyYWMzMjp7fQ=="}, "model": "sessions.session", "pk": "62l1qplzi3je2cjwjdityeea2c2y4bx2"}, {"fields": {"expire_date": "2014-12-12T20:42:37.375Z", "session_data": "MTc5YzhiNmZlNjRjNzU4YTlhNDMwZmNhOGNiNjY4ZDQ5MzUyYWMzMjp7fQ=="}, "model": "sessions.session", "pk": "akw0vhynx3fnvhktcg344zc0dtc4gagx"}, {"fields": {"expire_date": "2015-04-10T14:33:56.921Z", "session_data": "YjQ5NjdjMDkwNWNhNTk4ODE3ZDA2MDA1YTBjMzkxZjBkYWE5M2RmOTp7Il9hdXRoX3VzZXJfaGFzaCI6IjYzMGYyNjdjODY3ZjRiZDY4Yjk0MDBmOWRjODVkZTI2NjM0NjA3YzMiLCJfYXV0aF91c2VyX2JhY2tlbmQiOiJkamFuZ28uY29udHJpYi5hdXRoLmJhY2tlbmRzLk1vZGVsQmFja2VuZCIsIl9hdXRoX3VzZXJfaWQiOjIyfQ=="}, "model": "sessions.session", "pk": "b1ka03kwfksty7bwy2p0xtbphayh337i"}, {"fields": {"expire_date": "2015-04-15T18:53:36.970Z", "session_data": "YjQ5NjdjMDkwNWNhNTk4ODE3ZDA2MDA1YTBjMzkxZjBkYWE5M2RmOTp7Il9hdXRoX3VzZXJfaGFzaCI6IjYzMGYyNjdjODY3ZjRiZDY4Yjk0MDBmOWRjODVkZTI2NjM0NjA3YzMiLCJfYXV0aF91c2VyX2JhY2tlbmQiOiJkamFuZ28uY29udHJpYi5hdXRoLmJhY2tlbmRzLk1vZGVsQmFja2VuZCIsIl9hdXRoX3VzZXJfaWQiOjIyfQ=="}, "model": "sessions.session", "pk": "blmk17gcl0zltry9tgh9km37na103wf3"}, {"fields": {"expire_date": "2015-04-16T20:14:55.794Z", "session_data": "MTc5YzhiNmZlNjRjNzU4YTlhNDMwZmNhOGNiNjY4ZDQ5MzUyYWMzMjp7fQ=="}, "model": "sessions.session", "pk": "sgl21giz1vihy3hg94ijs3ncesgk6gxj"}, {"fields": {"birthplace": "Tonghua", "politics_status": "League Member", "graduation_date": "2014-12-31", "resume": "jobseeker_resumes/resume_sample.pdf", "id_number": "", "gender": "Male", "birthdate": "1990-07-07", "phone": "", "user": 14, "current_place": "Pittsburgh", "photo": "jobseeker_photos/batman.jpg", "description": "Fresh graduate from Carnegie Mellon University seeking for an entry-level position as Front End Developer. "}, "model": "ucjobs.jobseekerprofile", "pk": 1}, {"fields": {"birthplace": "Hangzhou", "politics_status": "Party Member", "graduation_date": "2014-12-31", "resume": "jobseeker_resumes/resume_sample_KgzZDF8.pdf", "id_number": "", "gender": "Male", "birthdate": "1990-12-12", "phone": "", "user": 15, "current_place": "Pittsburgh", "photo": "jobseeker_photos/american_captain.jpeg", "description": "I am a master student majoring in environmental engineering at Carnegie Mellon University. I got my B.S. of Environmental Engineering in Zhejiang University (Ranking: top 10%). I am interested in computer-based environmental modeling, environmental technology consulting and other challenging job opportunities that will utilize my analytical and interpersonal skills."}, "model": "ucjobs.jobseekerprofile", "pk": 2}, {"fields": {"birthplace": "", "politics_status": "League Member", "graduation_date": "2014-06-30", "resume": "", "id_number": "", "gender": "Male", "birthdate": "1990-07-01", "phone": "", "user": 16, "current_place": "Los Angeles", "photo": "jobseeker_photos/spiderman.jpeg", "description": "Eric Zhuang is a Mechanical Engineer at Foxconn, engaging in manufacturing design practices for iPhone enclosure and accessories. Experience in metal and plastics manufacturing for mass production.\r\n\r\nEric has strong background in Mechanical Design and CAD Design, which includes technical experience in Solidworks, Unigraphics, AutoCAD, and machine shop. He also has extensive knowledge in high volume manufacturing processes and tolerance analysis.\r\n\r\nSpecialties: design for manufacturing, product design, mass production practices, 3-D CAD modeling, product development"}, "model": "ucjobs.jobseekerprofile", "pk": 3}, {"fields": {"birthplace": "Jixi", "politics_status": "Party Member", "graduation_date": "2015-06-01", "resume": "", "id_number": "", "gender": "Male", "birthdate": "1990-07-02", "phone": "", "user": 17, "current_place": "Los Angeles", "photo": "jobseeker_photos/spiderman_w9Psqnd.jpeg", "description": "\u25cf Focused and motivated multi-tasker with diverse experience in LabVIEW coding (CLAD), signal processing, system control, thermo-simulation, 3-D modeling and structure design.\r\n\u25cf SCM Programming based on Arduino and C51, LabVIEW coding based on PCI, DAQ, cRIO, sbRIO. \r\n\u25cf Fluent in English, Mandarin and Cantonese"}, "model": "ucjobs.jobseekerprofile", "pk": 4}, {"fields": {"birthplace": "", "politics_status": "League Member", "graduation_date": "2014-12-31", "resume": "jobseeker_resumes/resume_sample_oId54C6.pdf", "id_number": "", "gender": "Male", "birthdate": "1990-07-03", "phone": "", "user": 18, "current_place": "Pittsburgh", "photo": "", "description": "\u25cf Major in Mechanical Engineering but passionate about Web Development \r\n\u25cf Fast learner and effective team player with strong interpersonal skills"}, "model": "ucjobs.jobseekerprofile", "pk": 5}, {"fields": {"birthplace": "", "politics_status": "", "graduation_date": "2015-06-01", "resume": "", "id_number": "", "gender": "", "birthdate": "1990-07-04", "phone": "", "user": 19, "current_place": "", "photo": "jobseeker_photos/spiderman_Z4mX2ka.jpeg", "description": ""}, "model": "ucjobs.jobseekerprofile", "pk": 6}, {"fields": {"birthplace": "", "politics_status": "Party Member", "graduation_date": "2015-06-01", "resume": "", "id_number": "", "gender": "Male", "birthdate": "1990-07-05", "phone": "", "user": 20, "current_place": "Champaign, IL", "photo": "jobseeker_photos/superman.jpeg", "description": "Looking for an internship in the field of Heating, Ventilation and Air Conditioning/Oil and Energy/Mechatronics \r\nProficient in Air Conditioning and Refrigeration System Design and Validation\r\nHands-on experience with Test Rig Setup and Control System Design \r\nStrong skills in Thermal System Analysis, 3-D CAD Modeling, CFD and Programming \r\nOutstanding communication and presentation skills, self-motivated and good team worker"}, "model": "ucjobs.jobseekerprofile", "pk": 7}, {"fields": {"birthplace": "", "politics_status": "", "graduation_date": null, "resume": "", "id_number": "", "gender": "", "birthdate": "1990-07-06", "phone": "", "user": 21, "current_place": "", "photo": "", "description": ""}, "model": "ucjobs.jobseekerprofile", "pk": 8}, {"fields": {"birthplace": "", "politics_status": "", "graduation_date": "2015-06-01", "resume": "jobseeker_resumes/resume_sample_ybsLQ8e.pdf", "id_number": "", "gender": "", "birthdate": "1990-07-06", "phone": "", "user": 22, "current_place": "", "photo": "jobseeker_photos/catwoman.png", "description": ""}, "model": "ucjobs.jobseekerprofile", "pk": 9}, {"fields": {"begin": "2013-09-01", "end": "2014-12-31", "school": "CMU", "degree": "Master", "major": "Civil Engineering - AIS", "user": 14}, "model": "ucjobs.education", "pk": 1}, {"fields": {"begin": "2013-09-01", "end": "2014-12-31", "school": "CMU", "degree": "Master", "major": "EESS", "user": 15}, "model": "ucjobs.education", "pk": 2}, {"fields": {"begin": "2013-09-01", "end": "2014-06-30", "school": "UC Berkeley", "degree": "Master", "major": "Mechanical Engineering", "user": 16}, "model": "ucjobs.education", "pk": 3}, {"fields": {"begin": "2013-09-01", "end": "2015-06-01", "school": "UCLA", "degree": "Master", "major": "Mechanical Engineering", "user": 17}, "model": "ucjobs.education", "pk": 4}, {"fields": {"begin": "2009-09-01", "end": "2013-06-30", "school": "SJTU", "degree": "Bachelor", "major": "Mechanical Engineering", "user": 18}, "model": "ucjobs.education", "pk": 5}, {"fields": {"begin": "2013-09-01", "end": "2015-06-01", "school": "UIUC", "degree": "Master", "major": "Mechanical Engineering", "user": 20}, "model": "ucjobs.education", "pk": 6}, {"fields": {"begin": "2009-09-01", "end": "2013-06-30", "school": "HKU", "degree": "Bachelor", "major": "Mechanical Engineering", "user": 22}, "model": "ucjobs.education", "pk": 7}, {"fields": {"begin": "2009-09-01", "end": "2011-05-31", "school": "SJTU", "degree": "Bachelor", "major": "Mechanical Engineering", "user": 14}, "model": "ucjobs.education", "pk": 8}, {"fields": {"begin": "2014-06-01", "end": "2014-08-31", "description": "1. Clustered, filtered and transformed thousands of project manual data to maintain consistency\r\n2. Built a simple website for CMU staff to fast search for the manual", "company": "CMU", "user": 14, "position": "FMS Intern"}, "model": "ucjobs.workexp", "pk": 1}, {"fields": {"begin": "2012-07-01", "end": "2012-09-30", "description": "Helped to collect data and provide official reports for different monitoring programs.", "company": "Zhejiang Environmental Monitoring Center", "user": 15, "position": "Summer Intern"}, "model": "ucjobs.workexp", "pk": 2}, {"fields": {"begin": "2012-07-01", "end": "2012-09-30", "description": "1. Designed Project Approval Flowchart for the Hong Kong branch line of National Natural Gas Project\r\n2. Assisted in holding Technical Seminar and gained technical knowledge in power system by field trips \r\n3. Conducted survey, analyzed the data and proposed measures for company\u2019s Knowledge Management project", "company": "CLP Power Hong Kong Ltd", "user": 16, "position": "Mechanical Engineering Intern"}, "model": "ucjobs.workexp", "pk": 3}, {"fields": {"begin": "2014-06-01", "end": "2014-09-30", "description": "Test and technical support on DAQ, cRIO, motion control and vision based project; Control Design and Simulation Demo Development.", "company": "National Instruments", "user": 17, "position": "Application Engineer Intern"}, "model": "ucjobs.workexp", "pk": 4}, {"fields": {"begin": "2012-06-01", "end": "2012-09-30", "description": "1. Investigated and recorded the performance of approximately 100 elevators in over 20-year-old commercial buildings \r\n2. Analyzed the collected elevator data and proposed elevator modernization solutions to the property management company", "company": "KONE Elevator", "user": 18, "position": "Summer Intern"}, "model": "ucjobs.workexp", "pk": 5}, {"fields": {"description": "Air China Limited (simplified Chinese: \u4e2d\u56fd\u56fd\u9645\u822a\u7a7a\u516c\u53f8; traditional Chinese: \u4e2d\u570b\u570b\u969b\u822a\u7a7a\u516c\u53f8; literally: \"China International Airlines Company\", colloquially known as \u56fd\u822a/\u570b\u822a, SEHK: 0753, LSE: AIRC, SSE: 601111) is the flag carrier[citation needed] and one of the major airlines of the People's Republic of China, with its headquarters in Shunyi District, Beijing.", "company_name": "AirChina", "company_type": "Transportation", "company_website": "www.airchina.com", "location": "Beijing", "photo": "company_photos/air_china.png", "logo": "company_logos/air_china.gif", "employee_num": "150,000", "user": 1}, "model": "ucjobs.companyprofile", "pk": 1}, {"fields": {"description": "The Apple Store is a chain of retail stores owned and operated by Apple Inc., dealing with computers and consumer electronics. The stores sell Macintosh personal computers, software, iPods, iPads, iPhones, third-party accessories, and other consumer electronics such as Apple TV. All stores offer a Genius Bar for technical support and repairs, as well as free workshops available to the public, while some high-profile stores feature a theater for presentations and workshops and a studio for training with Apple products. \r\n", "company_name": "AppleStore", "company_type": "Retail and Fashion", "company_website": "www.apple.com/retail", "location": "Beijing", "photo": "company_photos/apple_store_3gruygG.jpeg", "logo": "company_logos/apple_store.gif", "employee_num": "181,000 ", "user": 2}, "model": "ucjobs.companyprofile", "pk": 2}, {"fields": {"description": "Mercedes-Benz is a German automobile manufacturer, a multinational division of the German manufacturer Daimler AG. The brand is used for luxury automobiles, buses, coaches, and trucks. \r\nThe name first appeared in 1926 under Daimler-Benz but traces its origins to Daimler-Motoren-Gesellschaft's 1901 Mercedes and to Karl Benz's 1886 Benz Patent Motorwagen, which is widely regarded as the first automobile. Mercedes-Benz's slogan is \"Das Beste oder nichts\" (English: \"The best or nothing\"). Mercedes-Benz is part of the \"German Big 3\" luxury automakers, along with Audi and BMW, which are the best selling luxury automakers in the world.", "company_name": "BENZ", "company_type": "Manufacturing", "company_website": "www.mbusa.com", "location": "Beijing", "photo": "company_photos/benz.jpeg", "logo": "company_logos/benz.gif", "employee_num": "275,000", "user": 3}, "model": "ucjobs.companyprofile", "pk": 3}, {"fields": {"description": "China Eastern Airlines Corporation Limited is an airline headquartered in the China Eastern Airlines Building, on the grounds of Shanghai Hongqiao International Airport in Changning District, Shanghai, China. It is a major Chinese airline operating international, domestic and regional routes. Its main hubs are at Shanghai Pudong International Airport and Shanghai Hongqiao International Airport, with secondary hubs at Kunming Changshui International Airport and Xi'an Xianyang International Airport. China Eastern Airlines is China's second-largest carrier by passenger numbers. \r\n", "company_name": "ChinaEastern", "company_type": "Transportation", "company_website": "www.global.ceair.com", "location": "Shanghai", "photo": "company_photos/china_eastern.jpeg", "logo": "company_logos/china_eastern.gif", "employee_num": "66,207", "user": 4}, "model": "ucjobs.companyprofile", "pk": 4}, {"fields": {"description": "China Mobile Communications Corporation is a Chinese state-owned[4] telecommunication company that provides mobile voice and multimedia services through its nationwide mobile telecommunications network. The company is the largest mobile telecommunications company by market capitalization today, and it was named as such in March 2011. China Mobile Limited is listed on both the NYSE and the Hong Kong stock exchange. As of July 2013, China Mobile is the world's largest mobile phone operator by subscribers with about 760 million. The ARPU(Average revenue per user) for the company stays at 90 Renminbi since 2004.", "company_name": "ChinaMobile", "company_type": "Technology", "company_website": "http://www.chinamobileltd.com", "location": "Beijing", "photo": "company_photos/china_mobile.jpg", "logo": "company_logos/china_mobile.gif", "employee_num": "181,000 ", "user": 5}, "model": "ucjobs.companyprofile", "pk": 5}, {"fields": {"description": "DHL Express is a division of the German logistics company Deutsche Post DHL providing international express mail services. Deutsche Post is the world's largest logistics company operating around the world. DHL is a world market leader in sea and air mail.", "company_name": "DHL", "company_type": "Transportation", "company_website": "www.dhl.com", "location": "Shanghai", "photo": "company_photos/dhl.jpg", "logo": "company_logos/dhl.gif", "employee_num": "150,000", "user": 6}, "model": "ucjobs.companyprofile", "pk": 6}, {"fields": {"description": "", "company_name": "HuaFu", "company_type": "", "company_website": "", "location": "", "photo": "company_photos/huafu.jpeg", "logo": "company_logos/hua_fu.gif", "employee_num": "", "user": 7}, "model": "ucjobs.companyprofile", "pk": 7}, {"fields": {"description": "Huawei Technologies Co. Ltd. is a Chinese multinational networking and telecommunications equipment and services company headquartered in Shenzhen, Guangdong. It is the largest telecommunications equipment maker in the world, having overtaken Ericsson in 2012.", "company_name": "HuaWei", "company_type": "Technology", "company_website": "www.huawei.com", "location": "Shenzhen", "photo": "company_photos/hua_wei.jpeg", "logo": "company_logos/huawei.gif", "employee_num": "275,000", "user": 8}, "model": "ucjobs.companyprofile", "pk": 8}, {"fields": {"description": "", "company_name": "JDFinance", "company_type": "", "company_website": "", "location": "", "photo": "", "logo": "company_logos/jd_finance.gif", "employee_num": "", "user": 9}, "model": "ucjobs.companyprofile", "pk": 9}, {"fields": {"description": "Ryohin Keikaku Co.,Ltd. is a Japanese retail company which sells a wide variety of household and consumer goods. Muji is distinguished by its design minimalism, emphasis on recycling, avoidance of waste in production and packaging, and no-logo or \"no-brand\" policy. The name Muji is derived from the first part of Mujirushi Ry\u014dhin, translated as No Brand Quality Goods on Muji's European website. ", "company_name": "MUJI", "company_type": "Consumer Products", "company_website": "www.muji.net", "location": "Shanghai", "photo": "company_photos/muji.jpg", "logo": "company_logos/muji.gif", "employee_num": "150,000", "user": 10}, "model": "ucjobs.companyprofile", "pk": 10}, {"fields": {"description": "", "company_name": "PICC", "company_type": "", "company_website": "", "location": "", "photo": "", "logo": "company_logos/picc.gif", "employee_num": "", "user": 11}, "model": "ucjobs.companyprofile", "pk": 11}, {"fields": {"description": "SF Express (Group) Co., Ltd. is a Chinese delivery services company based in Shenzhen, China. It is one of the two leading couriers in China, and provides domestic and international express delivery solutions to a wide array of customers. SF Express has a fleet of 31 cargo aircraft, of which 13 are owned by its subsidiary SF Airlines.", "company_name": "SFExpress", "company_type": "Transportation", "company_website": "www.SF-Express.com/us/en", "location": "Shenzhen", "photo": "company_photos/sf_express.jpg", "logo": "company_logos/sf.gif", "employee_num": "181,000 ", "user": 12}, "model": "ucjobs.companyprofile", "pk": 12}, {"fields": {"description": "Siemens AG is a German multinational conglomerate company headquartered in Berlin and Munich. It is the largest engineering company in Europe. The principal divisions of the company are Industry, Energy, Healthcare, and Infrastructure & Cities, which represent the main activities of the company. The company is a prominent maker of medical diagnostics equipment and its medical health-care division, which generates about 12 percent of the company's total sales, is its second-most profitable unit, after the industrial automation division.", "company_name": "SIEMENS", "company_type": "Other", "company_website": "www.siemens.com", "location": "Shanghai", "photo": "company_photos/siemens.jpeg", "logo": "company_logos/siemens.gif", "employee_num": "380,000", "user": 13}, "model": "ucjobs.companyprofile", "pk": 13}, {"fields": {"content": "My contact email is bruce@gmail.com", "company_profile": 2, "user": 14, "time": "2014-11-28T23:47:51.132Z"}, "model": "ucjobs.message", "pk": 1}, {"fields": {"content": "My contact is bruce@gmail.com", "company_profile": 8, "user": 14, "time": "2014-11-28T23:48:15.679Z"}, "model": "ucjobs.message", "pk": 2}, {"fields": {"content": "My contact is bruce@gmail.com", "company_profile": 4, "user": 14, "time": "2014-11-28T23:48:28.570Z"}, "model": "ucjobs.message", "pk": 3}, {"fields": {"content": "My contact is bruce@gmail.com", "company_profile": 13, "user": 14, "time": "2014-11-28T23:48:34.166Z"}, "model": "ucjobs.message", "pk": 4}, {"fields": {"content": "My contact is bruce@gmail.com", "company_profile": 3, "user": 14, "time": "2014-11-28T23:48:39.773Z"}, "model": "ucjobs.message", "pk": 5}, {"fields": {"content": "My contact is di@gmail.com", "company_profile": 2, "user": 15, "time": "2014-11-28T23:55:07.046Z"}, "model": "ucjobs.message", "pk": 6}, {"fields": {"content": "My contact is di@gmail.com", "company_profile": 10, "user": 15, "time": "2014-11-28T23:55:18.222Z"}, "model": "ucjobs.message", "pk": 7}, {"fields": {"content": "My contact is di@gmail.com", "company_profile": 12, "user": 15, "time": "2014-11-28T23:55:23.002Z"}, "model": "ucjobs.message", "pk": 8}, {"fields": {"content": "My contact is di@gmail.com", "company_profile": 6, "user": 15, "time": "2014-11-28T23:55:27.617Z"}, "model": "ucjobs.message", "pk": 9}, {"fields": {"content": "My contact is di@gmail.com", "company_profile": 11, "user": 15, "time": "2014-11-28T23:55:38.246Z"}, "model": "ucjobs.message", "pk": 10}, {"fields": {"content": "My contact is eric@gmail.com", "company_profile": 2, "user": 16, "time": "2014-11-28T23:59:25.998Z"}, "model": "ucjobs.message", "pk": 11}, {"fields": {"content": "My contact is eric@gmail.com", "company_profile": 3, "user": 16, "time": "2014-11-28T23:59:37.721Z"}, "model": "ucjobs.message", "pk": 12}, {"fields": {"content": "My contact is eric@gmail.com", "company_profile": 13, "user": 16, "time": "2014-11-28T23:59:43.649Z"}, "model": "ucjobs.message", "pk": 13}, {"fields": {"content": "My contact is eric@gmail.com", "company_profile": 6, "user": 16, "time": "2014-11-28T23:59:51.690Z"}, "model": "ucjobs.message", "pk": 14}, {"fields": {"content": "My contact is frank@gmail.com", "company_profile": 9, "user": 17, "time": "2014-11-29T00:05:18.231Z"}, "model": "ucjobs.message", "pk": 15}, {"fields": {"content": "My contact is frank@gmail.com", "company_profile": 11, "user": 17, "time": "2014-11-29T00:05:23.618Z"}, "model": "ucjobs.message", "pk": 16}, {"fields": {"content": "My contact is frank@gmail.com", "company_profile": 7, "user": 17, "time": "2014-11-29T00:05:30.053Z"}, "model": "ucjobs.message", "pk": 17}, {"fields": {"content": "My contact is frank@gmail.com", "company_profile": 6, "user": 17, "time": "2014-11-29T00:05:35.442Z"}, "model": "ucjobs.message", "pk": 18}, {"fields": {"content": "My contact is hanxinzhuo77@gmail.com", "company_profile": 6, "user": 18, "time": "2014-11-29T00:09:36.207Z"}, "model": "ucjobs.message", "pk": 19}, {"fields": {"content": "My contact is hanxinzhuo77@gmail.com", "company_profile": 3, "user": 18, "time": "2014-11-29T00:09:41.323Z"}, "model": "ucjobs.message", "pk": 20}, {"fields": {"content": "My contact is hanxinzhuo77@gmail.com", "company_profile": 1, "user": 18, "time": "2014-11-29T00:09:48.034Z"}, "model": "ucjobs.message", "pk": 21}, {"fields": {"content": "My contact is hanxinzhuo77@gmail.com", "company_profile": 12, "user": 18, "time": "2014-11-29T00:09:53.070Z"}, "model": "ucjobs.message", "pk": 22}, {"fields": {"content": "My contact is hanxinzhuo77@gmail.com", "company_profile": 2, "user": 18, "time": "2014-11-29T00:10:07.172Z"}, "model": "ucjobs.message", "pk": 23}, {"fields": {"content": "My contact email is andy@gmail.com", "company_profile": 2, "user": 19, "time": "2014-11-29T00:11:17.544Z"}, "model": "ucjobs.message", "pk": 24}, {"fields": {"content": "My contact email is andy@gmail.com", "company_profile": 8, "user": 19, "time": "2014-11-29T00:11:34.336Z"}, "model": "ucjobs.message", "pk": 25}, {"fields": {"content": "My contact email is andy@gmail.com", "company_profile": 1, "user": 19, "time": "2014-11-29T00:11:39.089Z"}, "model": "ucjobs.message", "pk": 26}, {"fields": {"content": "My contact email is andy@gmail.com", "company_profile": 5, "user": 19, "time": "2014-11-29T00:11:43.556Z"}, "model": "ucjobs.message", "pk": 27}, {"fields": {"content": "My contact email is andy@gmail.com", "company_profile": 3, "user": 19, "time": "2014-11-29T00:11:51.015Z"}, "model": "ucjobs.message", "pk": 28}, {"fields": {"content": "My contact email is andy@gmail.com", "company_profile": 10, "user": 19, "time": "2014-11-29T00:11:54.895Z"}, "model": "ucjobs.message", "pk": 29}, {"fields": {"content": "My contact email is thierry@gmail.com", "company_profile": 11, "user": 20, "time": "2014-11-29T00:15:39.868Z"}, "model": "ucjobs.message", "pk": 30}, {"fields": {"content": "My contact email is bruce@gmail.com", "company_profile": 4, "user": 20, "time": "2014-11-29T00:15:44.388Z"}, "model": "ucjobs.message", "pk": 31}, {"fields": {"content": "My contact email is bruce@gmail.com", "company_profile": 13, "user": 20, "time": "2014-11-29T00:15:51.601Z"}, "model": "ucjobs.message", "pk": 32}, {"fields": {"content": "My contact email is bruce@gmail.com", "company_profile": 8, "user": 20, "time": "2014-11-29T00:15:56.502Z"}, "model": "ucjobs.message", "pk": 33}, {"fields": {"content": "My contact is jessica@gmail.com", "company_profile": 6, "user": 22, "time": "2014-11-29T00:19:05.550Z"}, "model": "ucjobs.message", "pk": 34}, {"fields": {"content": "My contact is jessica@gmail.com", "company_profile": 8, "user": 22, "time": "2014-11-29T00:19:15.404Z"}, "model": "ucjobs.message", "pk": 35}, {"fields": {"content": "@Bruce Han: Please send me your updated resume", "company_profile": 4, "user": 4, "time": "2014-11-29T00:22:46.145Z"}, "model": "ucjobs.message", "pk": 36}, {"fields": {"content": "@Andy Yan: Please send me your updated resume", "company_profile": 10, "user": 10, "time": "2014-11-29T00:23:02.454Z"}, "model": "ucjobs.message", "pk": 37}, {"fields": {"content": "@Di Dong: Please send me your updated resume", "company_profile": 10, "user": 10, "time": "2014-11-29T00:23:09.351Z"}, "model": "ucjobs.message", "pk": 38}, {"fields": {"content": "@Andy Yan: Please send me your updated resume", "company_profile": 3, "user": 3, "time": "2014-11-29T00:23:56.165Z"}, "model": "ucjobs.message", "pk": 39}, {"fields": {"content": "@Xinzhuo Han: Please send me your updated resume", "company_profile": 3, "user": 3, "time": "2014-11-29T00:23:59.464Z"}, "model": "ucjobs.message", "pk": 40}, {"fields": {"content": "@Frank Gao: Please send me your updated resume", "company_profile": 6, "user": 6, "time": "2014-11-29T00:24:13.354Z"}, "model": "ucjobs.message", "pk": 41}, {"fields": {"content": "@Jessica Qian: Please send me your updated resume", "company_profile": 6, "user": 6, "time": "2014-11-29T00:24:16.762Z"}, "model": "ucjobs.message", "pk": 42}, {"fields": {"content": "@Xinzhuo Han: Please send me your updated resume", "company_profile": 1, "user": 1, "time": "2014-11-29T00:24:34.021Z"}, "model": "ucjobs.message", "pk": 43}, {"fields": {"content": "@Andy Yan: Please send me your updated resume", "company_profile": 8, "user": 8, "time": "2014-11-29T00:24:47.177Z"}, "model": "ucjobs.message", "pk": 44}, {"fields": {"content": "@Thierry Zhu: Please send me your updated resume", "company_profile": 8, "user": 8, "time": "2014-11-29T00:24:50.004Z"}, "model": "ucjobs.message", "pk": 45}, {"fields": {"content": "@Frank Gao: Please send me your updated resume", "company_profile": 7, "user": 7, "time": "2014-11-29T00:25:02.332Z"}, "model": "ucjobs.message", "pk": 46}, {"fields": {"content": "@Bruce Han: Please send me your updated resume.", "company_profile": 2, "user": 2, "time": "2015-03-31T01:51:51.236Z"}, "model": "ucjobs.message", "pk": 47}, {"fields": {"content": "My contact is bruce@gmail.com", "company_profile": 1, "user": 14, "time": "2015-03-31T03:45:11.521Z"}, "model": "ucjobs.message", "pk": 48}, {"fields": {"sender": 15, "read_status": false, "mail_subject": "Hello from Di", "mail_time": "2014-11-28T23:52:30.163Z", "mail_content": "I'm interested in Job xxx. Please contact me", "receiver": 6}, "model": "ucjobs.mail", "pk": 1}, {"fields": {"sender": 15, "read_status": false, "mail_subject": "Hello from Di", "mail_time": "2014-11-28T23:52:46.217Z", "mail_content": "I'm interested in Job xxx. Please contact me.", "receiver": 5}, "model": "ucjobs.mail", "pk": 2}, {"fields": {"sender": 16, "read_status": false, "mail_subject": "Hello from Eric", "mail_time": "2014-11-29T00:01:06.573Z", "mail_content": "I'm interested in Job xxx. Please contact me", "receiver": 2}, "model": "ucjobs.mail", "pk": 3}, {"fields": {"sender": 16, "read_status": false, "mail_subject": "Hello from Eric", "mail_time": "2014-11-29T00:01:26.420Z", "mail_content": "I'm interested in Job xxx. Please contact me", "receiver": 8}, "model": "ucjobs.mail", "pk": 4}, {"fields": {"sender": 16, "read_status": false, "mail_subject": "Hello from Eric", "mail_time": "2014-11-29T00:02:20.492Z", "mail_content": "I'm interested in Job xxx. Please contact me", "receiver": 12}, "model": "ucjobs.mail", "pk": 5}, {"fields": {"sender": 17, "read_status": false, "mail_subject": "Hello from Frank", "mail_time": "2014-11-29T00:06:09.742Z", "mail_content": "I'm interested in Job xxx. Please contact me", "receiver": 7}, "model": "ucjobs.mail", "pk": 6}, {"fields": {"sender": 17, "read_status": false, "mail_subject": "Hello from Frank", "mail_time": "2014-11-29T00:06:25.114Z", "mail_content": "I'm interested in Job xxx. Please contact me", "receiver": 9}, "model": "ucjobs.mail", "pk": 7}, {"fields": {"sender": 18, "read_status": false, "mail_subject": "Hello from Xinzhuo", "mail_time": "2014-11-29T00:10:29.786Z", "mail_content": "I'm interested in Job xxx. Please contact me", "receiver": 3}, "model": "ucjobs.mail", "pk": 8}, {"fields": {"sender": 18, "read_status": false, "mail_subject": "Hello from Xinzhuo", "mail_time": "2014-11-29T00:10:47.236Z", "mail_content": "I'm interested in Job xxx. Please contact me", "receiver": 4}, "model": "ucjobs.mail", "pk": 9}, {"fields": {"sender": 19, "read_status": false, "mail_subject": "Hello from Andy", "mail_time": "2014-11-29T00:13:31.819Z", "mail_content": "I'm interested in Job xxx. Please contact me", "receiver": 13}, "model": "ucjobs.mail", "pk": 10}, {"fields": {"sender": 19, "read_status": true, "mail_subject": "Hello from Andy", "mail_time": "2014-11-29T00:13:43.516Z", "mail_content": "I'm interested in Job xxx. Please contact me", "receiver": 1}, "model": "ucjobs.mail", "pk": 11}, {"fields": {"sender": 20, "read_status": false, "mail_subject": "Hello from Thierry", "mail_time": "2014-11-29T00:16:48.118Z", "mail_content": "I'm interested in Job xxx. Please contact me", "receiver": 5}, "model": "ucjobs.mail", "pk": 12}, {"fields": {"sender": 20, "read_status": false, "mail_subject": "Hello from Thierry", "mail_time": "2014-11-29T00:17:02.138Z", "mail_content": "I'm interested in Job xxx. Please contact me", "receiver": 10}, "model": "ucjobs.mail", "pk": 13}, {"fields": {"sender": 22, "read_status": false, "mail_subject": "Hello from Jessica", "mail_time": "2014-11-29T00:19:41.979Z", "mail_content": "I'm interested in Job xxx. Please contact me", "receiver": 11}, "model": "ucjobs.mail", "pk": 14}, {"fields": {"sender": 1, "read_status": false, "mail_subject": "Please send me your updated resume", "mail_time": "2014-11-29T00:20:17.068Z", "mail_content": "Please send me your updated resume", "receiver": 19}, "model": "ucjobs.mail", "pk": 15}, {"fields": {"sender": 5, "read_status": false, "mail_subject": "Please send me your updated resume", "mail_time": "2014-11-29T00:20:38.220Z", "mail_content": "Please send me your updated resume", "receiver": 15}, "model": "ucjobs.mail", "pk": 16}, {"fields": {"sender": 5, "read_status": false, "mail_subject": "Please send me your updated resume", "mail_time": "2014-11-29T00:20:44.796Z", "mail_content": "Please send me your updated resume", "receiver": 20}, "model": "ucjobs.mail", "pk": 17}, {"fields": {"sender": 11, "read_status": false, "mail_subject": "Please send me your updated resume", "mail_time": "2014-11-29T00:21:02.067Z", "mail_content": "Please send me your updated resume", "receiver": 22}, "model": "ucjobs.mail", "pk": 18}, {"fields": {"sender": 6, "read_status": true, "mail_subject": "Please send me your updated resume", "mail_time": "2014-11-29T00:21:19.594Z", "mail_content": "Please send me your updated resume", "receiver": 15}, "model": "ucjobs.mail", "pk": 19}, {"fields": {"sender": 8, "read_status": false, "mail_subject": "Please send me your updated resume", "mail_time": "2014-11-29T00:21:30.791Z", "mail_content": "Please send me your updated resume", "receiver": 16}, "model": "ucjobs.mail", "pk": 20}, {"fields": {"sender": 7, "read_status": false, "mail_subject": "Please send me your updated resume", "mail_time": "2014-11-29T00:21:42.461Z", "mail_content": "Please send me your updated resume", "receiver": 17}, "model": "ucjobs.mail", "pk": 21}, {"fields": {"sender": 12, "read_status": false, "mail_subject": "Please send me your updated resume", "mail_time": "2014-11-29T00:21:57.238Z", "mail_content": "Please send me your updated resume", "receiver": 16}, "model": "ucjobs.mail", "pk": 22}, {"fields": {"sender": 4, "read_status": false, "mail_subject": "Please send me your updated resume", "mail_time": "2014-11-29T00:22:34.485Z", "mail_content": "Please send me your updated resume", "receiver": 18}, "model": "ucjobs.mail", "pk": 23}, {"fields": {"sender": 10, "read_status": false, "mail_subject": "Please send me your updated resume", "mail_time": "2014-11-29T00:23:16.866Z", "mail_content": "Please send me your updated resume", "receiver": 20}, "model": "ucjobs.mail", "pk": 24}, {"fields": {"sender": 3, "read_status": false, "mail_subject": "Please send me your updated resume", "mail_time": "2014-11-29T00:23:50.624Z", "mail_content": "Please send me your updated resume", "receiver": 18}, "model": "ucjobs.mail", "pk": 25}, {"fields": {"sender": 19, "read_status": true, "mail_subject": "hello from andy", "mail_time": "2015-03-27T14:23:46.762Z", "mail_content": "test", "receiver": 14}, "model": "ucjobs.mail", "pk": 26}, {"fields": {"sender": 19, "read_status": false, "mail_subject": "hello from andy again", "mail_time": "2015-03-27T14:26:45.893Z", "mail_content": "test", "receiver": 14}, "model": "ucjobs.mail", "pk": 27}, {"fields": {"sender": 17, "read_status": true, "mail_subject": "test ", "mail_time": "2015-04-01T18:52:29.866Z", "mail_content": "Vestibulum ac diam sit amet quam vehicula elementum sed sit amet dui. Curabitur arcu erat, accumsan id imperdiet et, porttitor at sem. Curabitur aliquet quam id dui posuere blandit. Curabitur aliquet quam id dui posuere blandit. Donec sollicitudin molestie malesuada. Curabitur aliquet quam id dui posuere blandit. Curabitur aliquet quam id dui posuere blandit. Curabitur non nulla sit amet nisl tempus convallis quis ac lectus. Curabitur aliquet quam id dui posuere blandit. Curabitur arcu erat, accumsan id imperdiet et, porttitor at sem.\r\n\r\nLorem ipsum dolor sit amet, consectetur adipiscing elit. Donec sollicitudin molestie malesuada. Nulla quis lorem ut libero malesuada feugiat. Quisque velit nisi, pretium ut lacinia in, elementum id enim. Nulla quis lorem ut libero malesuada feugiat. Cras ultricies ligula sed magna dictum porta. Curabitur arcu erat, accumsan id imperdiet et, porttitor at sem. Cras ultricies ligula sed magna dictum porta. Mauris blandit aliquet elit, eget tincidunt nibh pulvinar a. Lorem ipsum dolor sit amet, consectetur adipiscing elit.\r\n\r\nSed porttitor lectus nibh. Donec sollicitudin molestie malesuada. Vestibulum ante ipsum primis in faucibus orci luctus et ultrices posuere cubilia Curae; Donec velit neque, auctor sit amet aliquam vel, ullamcorper sit amet ligula. Sed porttitor lectus nibh. Curabitur non nulla sit amet nisl tempus convallis quis ac lectus. Curabitur aliquet quam id dui posuere blandit. Proin eget tortor risus. Donec sollicitudin molestie malesuada. Nulla quis lorem ut libero malesuada feugiat. Vestibulum ac diam sit amet quam vehicula elementum sed sit amet dui.", "receiver": 14}, "model": "ucjobs.mail", "pk": 28}, {"fields": {"sender": 17, "read_status": false, "mail_subject": "test again ", "mail_time": "2015-04-01T18:53:22.789Z", "mail_content": "Vestibulum ac diam sit amet quam vehicula elementum sed sit amet dui. Curabitur arcu erat, accumsan id imperdiet et, porttitor at sem. Curabitur aliquet quam id dui posuere blandit. Curabitur aliquet quam id dui posuere blandit. Donec sollicitudin molestie malesuada. Curabitur aliquet quam id dui posuere blandit. Curabitur aliquet quam id dui posuere blandit. Curabitur non nulla sit amet nisl tempus convallis quis ac lectus. Curabitur aliquet quam id dui posuere blandit. Curabitur arcu erat, accumsan id imperdiet et, porttitor at sem.\r\n\r\nLorem ipsum dolor sit amet, consectetur adipiscing elit. Donec sollicitudin molestie malesuada. Nulla quis lorem ut libero malesuada feugiat. Quisque velit nisi, pretium ut lacinia in, elementum id enim. Nulla quis lorem ut libero malesuada feugiat. Cras ultricies ligula sed magna dictum porta. Curabitur arcu erat, accumsan id imperdiet et, porttitor at sem. Cras ultricies ligula sed magna dictum porta. Mauris blandit aliquet elit, eget tincidunt nibh pulvinar a. Lorem ipsum dolor sit amet, consectetur adipiscing elit.\r\n", "receiver": 14}, "model": "ucjobs.mail", "pk": 29}, {"fields": {"sender": 22, "read_status": false, "mail_subject": "test ", "mail_time": "2015-04-01T18:53:59.680Z", "mail_content": "Vivamus magna justo, lacinia eget consectetur sed, convallis at tellus. Lorem ipsum dolor sit amet, consectetur adipiscing elit. Proin eget tortor risus. Praesent sapien massa, convallis a pellentesque nec, egestas non nisi. Vivamus suscipit tortor eget felis porttitor volutpat. Vestibulum ac diam sit amet quam vehicula elementum sed sit amet dui. Praesent sapien massa, convallis a pellentesque nec, egestas non nisi. Donec sollicitudin molestie malesuada. Sed porttitor lectus nibh. Quisque velit nisi, pretium ut lacinia in, elementum id enim. Donec sollicitudin molestie malesuada. Pellentesque in ipsum id orci porta dapibus.", "receiver": 14}, "model": "ucjobs.mail", "pk": 30}, {"fields": {"post_time": "2014-11-28T21:59:19.981Z", "position_type": "Full Time", "post_subject": "AirChina Captain Recruitment", "post_content": "Requirement: \r\n500 hours PIC in B737EFIS or 1,000 hours PIC in B737NG. 3,000 hours total time, age under 53 years old at start of assignment, current on B737 type within the preceding 12 months. \r\n\r\nCompensation (net amount received by pilot): \r\nOption A: 6 weeks ON, 2 weeks OFF, $19,000 USD plus $200 USD per hour for hours over 230 hours in three months. \r\nOption B: 4 weeks ON, 3 weeks OFF, $15,500 USD per month plus $200 USD per hour over 80 hours. \r\nOption C: 11 months ON, 1 month OFF plus 14 holidays annually, $21,500 USD per month plus $200 USD per hour over 80 hours. Contract term: 3 years (renewable)", "user": 1, "follow_list": [15, 20], "location": "Nanjing"}, "model": "ucjobs.companypost", "pk": 1}, {"fields": {"post_time": "2014-11-28T22:02:55.975Z", "position_type": "Full Time", "post_subject": "Apple Store Manager Recruitment", "post_content": "Job Summary\r\n\r\nKeeping an Apple Store thriving requires a diverse set of leadership skills, and as a Manager, you\u2019re a master of them all. In the store\u2019s fast-paced, dynamic environment, you exhibit composure as you learn from each new challenge. You build and inspire high-performing teams of unique individuals who deliver positive experiences for customers as they learn, shop, and get support. Most importantly, you share the Apple vision with employees and customers.\r\n\r\nKey Qualifications\r\n\r\nProven ability to drive amazing customer experiences \u2014 and results \u2014 through team development.\r\nExperience with diplomatically managing multiple commitments to customers, staff, and operations.\r\nAbility to adapt to challenges while remaining calm in a constantly changing retail environment.", "user": 2, "follow_list": [16, 18, 14, 17], "location": "Beijing"}, "model": "ucjobs.companypost", "pk": 2}, {"fields": {"post_time": "2014-11-28T23:10:13.450Z", "position_type": "Internship", "post_subject": "Mercedes-Benz Elite Start Program", "post_content": "Program Prerequisites \r\nIn order to qualify for the ELITE START program you must be a UTI student or graduate. In addition you must have completed all Automotive Technology core program courses except:\r\n#Power and Performance 1a\r\n#Power and Performance 1b\r\n#Power and Performance 2\r\n#Professional Service Writing\r\n\r\nProgram Type: Elective \r\nProgram Length: 12 weeks \r\nCourse Content: (Click on the course titles below to see more detail.)\r\n# Introduction to Mercedes-Benz and Mercedes-Benz Electrical\r\n# Interior Disassembly and Chassis Electronics\r\n# Driving Dynamics and Climate Control Systems\r\n# Engine Management, Pre-Delivery Inspection and Maintenance", "user": 3, "follow_list": [15, 16, 18, 17], "location": "Beijing"}, "model": "ucjobs.companypost", "pk": 3}, {"fields": {"post_time": "2014-11-28T23:14:52.216Z", "position_type": "Full Time", "post_subject": "China Eastern Pilot Recruitment", "post_content": "Requirement:\r\n2000 PIC in B737, B757 or B767 type, 6,000 hours total time, 3,000 hours PIC in multi-engine commercial jet aircraft, age under 50 years old at start of assignment, recurrent training in type within last 6 months. \r\n\r\nCompensation:\r\nOption 1: 45 days ON,15 days OFF $21,000/$20,000 USD per month base, Plus $ 225 USD per hour over 160 hours in 2 months. \r\nOption 2: Schedule according to company needs $15,600/$14,300 USD per month base plus $210 USD per hour over 80 hours per month. Plus an additional Safety and Operations Award of $6,000 USD per year. \r\n\r\nContract term: 4 years (renewable)", "user": 4, "follow_list": [15, 18, 14], "location": "Shanghai"}, "model": "ucjobs.companypost", "pk": 4}, {"fields": {"post_time": "2014-11-28T23:20:50.584Z", "position_type": "Full Time", "post_subject": "China Mobile Solution Consultant Position", "post_content": "Responsibilities:\r\n\u009f# Design, specify and advise on the most suitable communications solution to satisfy customer needs\r\n# Participate in the preparation of tender responses and non-standard contracts with the assistance of legal advisers where necessary\r\n\u009f# Participate in the preparation and provision of high quality generic product, services, regulatory and strategy presentations at seminars, conferences and trade shows\r\n# Participate in technical SLA and contract negotiation\r\n# Handle adhoc projects as required\r\n \r\nRequirements:\r\n# Degree or above in Telecommunication, Computer Engineering or related disciplines\r\n\u009f# Minimum 3 years\u2019 relevant experience, preferable gained from Telecommunications market\r\n\u009f# Experience in pre-sales support or related positions is preferred\r\n\u009f# Knowledge in IPLC, IEPL, IP VPN, IP Transit, IDC products is an advantage\r\n\u009f# Good project management skill and communication skill\r\n\u009f# Excellent teamwork skills, hardworking, self-motived and able to work under pressure\r\n\u009f# Good command in spoken and written English and Chinese; Fluent in Putonghua is an advantage\r\n\u009f# Less experience will be considered as Assistant Solution Consultant", "user": 5, "follow_list": [15, 19, 17], "location": "Beijing"}, "model": "ucjobs.companypost", "pk": 5}, {"fields": {"post_time": "2014-11-28T23:22:01.528Z", "position_type": "Full Time", "post_subject": "China Mobile Billing Assistant Position", "post_content": "Responsibilities:\r\n\r\n# Prepare billing reports for carriers, inter-companies and regional offices\r\n# Monitor data and internet invoices and perform audit to determine the validity of the invoices\r\n# Coordinate with internal departments and other regional offices to reconcile inter-company billings\r\n# Work closely with internal departments in responding to billing-related enquiries\r\n# Review, summarize and track billing position summary for data and internet businesses\r\n# Assist in developing and implementing the Data Billing Standard Operating Procedures\r\n\r\n\r\nRequirements:\r\n\r\n# Bachelor Degree in Business or related discipline\r\n# Minimum 4 year of working experience in billing operation, preferably in telecom industry\r\n# Understanding of carrier billings and/or partnership environment is an advantage\r\n# Positive working attitude with the ability in handling multitasks\r\n# Assertive with good communication skills\r\n# Proficiency in MS Office applications\r\n# Good command of spoken and written Chinese and English, proficiency in Putonghua is a MUST.", "user": 5, "follow_list": [16, 18, 14], "location": "Hong Kong"}, "model": "ucjobs.companypost", "pk": 6}, {"fields": {"post_time": "2014-11-28T23:25:11.729Z", "position_type": "Full Time", "post_subject": "DHL Business Analyst Recruitment", "post_content": "We are looking for a Business Analyst, Customer Integration to join our DHL eCommerce team!\r\n\r\nThe Business Analyst, Customer Integration will be responsible for gathering customer requirements and managing customer integrations. The new role will also help to significantly reduce the onboarding effort of new customers and it wil ensure that regional standards are applied and leveraged. The successful candidate will also provide business analyst, IT expertise in inbound and outbound China business initatives.\r\nThe successful candidate will be based in Shanghai, China.\r\n\r\nEssential Responsibilites and Duties:\r\n\r\nProject Management\r\n\u2022       Gather business requirements and specify change requests for inbound and outbound China project\r\n\u2022       Provide business analysis, IT expertise to support new business initiatives\r\n\u2022       Conduct discovery call to understand customer internal workflow and capability \r\n\u2022       Identify any integration issues and resolve with the customer\r\n\u2022       Create and maintain customers' system accounts\r\n\u2022       Provide user training on web portal", "user": 6, "follow_list": [15, 18, 17, 20], "location": "Shanghai"}, "model": "ucjobs.companypost", "pk": 7}, {"fields": {"post_time": "2014-11-28T23:28:19.554Z", "position_type": "Full Time", "post_subject": "Hua Wei Software Engineer Position", "post_content": "Description:\r\n# To implementation project of the Software Services BSS solution which includes OCS, Billing and CRM system.\r\n# To assist in project transition from engineering to operation from technical stand point.\r\n# To be involved in maintenance and operation phase of the project when required.\r\n \r\nRequirements:\r\n# Candidate must possess at least a Bachelor's Degree in the field of ICT or Telecommunication.\r\n# Good command in English.\r\n# Familiar with Telecom Operational Support System, Billing System, Value-added Services.\r\n# Some experience in implementation of Telecom equipment site survey, BSS/Consumer/VAS system logical design and integration documentation design, IP datacom network design, Disaster recovery, Linux OS, Shell scripting, Oracle Database server administration, SQL scripts technical hands on.\r\n# Some experience in handling Sun, IBM and HP Mini computers in cluster mode.\r\n# Project and support maintenance experience in telco industry.\r\n# Familiar with all the operational and project delivery processes involved.\r\n# Fresh graduates with second class and above are encouraged to apply.", "user": 8, "follow_list": [16, 18, 14], "location": "Shenzhen"}, "model": "ucjobs.companypost", "pk": 8}, {"fields": {"post_time": "2014-11-28T23:39:54.785Z", "position_type": "Internship", "post_subject": "SIEMENS Energy Engineering Internship Program", "post_content": "About The Program\r\nAt Siemens, we dare to ask ourselves how we can make a difference. Our Energy Sector offers some of the most innovative products, solutions and services available today and we choose to be responsible for creating the energy systems of the future.\r\n\r\nOur internship program is the pathway to a career with our company \u2013 this is your opportunity to discover what inspires\r\nyou. Participants gain real-world work experience and have the ability to learn from our team of leaders. You will work hands-on with some of the most technically advanced power generation equipment in the industry. Day-to-day tasks include:\r\n\u2022\t design & analysis\r\n\u2022\t manufacturing\r\n\u2022\t service engineering\r\n\u2022\t project engineering\r\n\u2022\t quality assurance\r\n\r\nWho Should Apply?\r\nWe\u2019re looking for people who are resourceful \u2013 true problem solvers who challenge themselves to find the\r\nmost effective and efficient solutions.\r\nMajors: Mechanical, Electrical, Industrial or Aerospace Engineering\r\nEducation: Rising junior, senior or current Graduate student pursuing a degree from an accredited college or university", "user": 13, "follow_list": [15, 17, 20], "location": "Hangzhou"}, "model": "ucjobs.companypost", "pk": 9}, {"fields": {"post_time": "2014-11-28T23:42:43.330Z", "position_type": "Full Time", "post_subject": "SIEMENS Control System Engineer", "post_content": "Position Overview \r\n\r\nThe systems engineer is responsible for a variety of engineering tasks in the field of process automation. He/She successfully applies fundamental concepts, practices and procedures to support project engineering. Builds up basic knowledge and broadens to whole scope of tasks. Involvement in technology development as a team member. Drives quality and improvements to minimize non-conformances\r\nThis position will report to Engineering Manager Industry Automation/Automation Systems/Process Automation. \r\n\r\nResponsibilities \r\n\r\nThe position is responsible for participating in the Process Automation projects. The detail list of responsibilities includes:\r\n\u2022 Identify user requirements using P&IDs, process description and or existing logic\r\n\u2022 Document the Software Functional Design and hardware functional requirements\r\n\u2022 Review and approve system panel drawings and coordinate efforts with panel builders\r\n\u2022 Develop PLC code using Function Block, Statement List, SFC, Ladder and Structured Language for batch and continuous programming\r\n\u2022 Create test documents , test simulations and perform hardware, logic, sequences and batch tests \r\n\u2022 Participate in commissioning activities \r\n\r\n\r\nRequired Knowledge/Skills, Education, and Experience\r\n\r\n\u2022 BS in a related engineering field (Electrical, Computers, Instrument, Chemical), \r\n\u2022 Minimum 2-5 years of DCS or PLC programming experience preferably for both continuous process control and batch programming", "user": 13, "follow_list": [16, 18, 14, 19], "location": "Shanghai"}, "model": "ucjobs.companypost", "pk": 10}]